,Rk,Player,Tm,Age,Pos,G,GS,Tgt,Rec,Ctch%,Yds,Y/R,TD,1D,Succ%,Lng,Y/Tgt,R/G,Y/G,Fmb
0,1,Ja'Marr Chase,CIN,23,WR,6,6,73,50,68.5%,556,11.1,3,35,64.4,63,7.6,8.3,92.7,0
1,2,Puka Nacua,LAR,22,WR,6,6,70,50,71.4%,598,12.0,2,31,61.4,37,8.5,8.3,99.7,1
2,3,Stefon Diggs,BUF,30,WR,6,6,66,49,74.2%,620,12.7,5,31,62.1,55,9.4,8.2,103.3,1
3,4,Adam Thielen,CAR,33,WR,6,6,59,49,83.1%,509,10.4,4,33,67.8,30,8.6,8.2,84.8,0
4,5,Keenan Allen,LAC,31,WR,5,5,55,42,76.4%,519,12.4,4,23,63.6,42,9.4,8.4,103.8,1
5,6,A.J. Brown,PHI,26,WR,6,6,60,42,70.0%,672,16.0,2,32,55.0,59,11.2,7.0,112.0,0
6,7,Tyreek Hill,MIA,29,WR,6,6,59,42,71.2%,814,19.4,6,35,67.8,69,13.8,7.0,135.7,0
7,8,Evan Engram,JAX,29,TE,7,6,51,41,80.4%,346,8.4,0,15,54.9,28,6.8,5.9,49.4,1
8,9,Michael Pittman Jr.,IND,26,WR,6,6,60,40,66.7%,406,10.2,1,17,48.3,40,6.8,6.7,67.7,1
9,10,Davante Adams,LVR,31,WR,6,6,59,39,66.1%,471,12.1,3,27,62.7,32,8.0,6.5,78.5,0
10,11,Christian Kirk,JAX,27,WR,7,7,55,39,70.9%,474,12.2,3,21,60.0,45,8.6,5.6,67.7,1
11,12,Chris Olave,NOR,23,WR,7,5,68,39,57.4%,471,12.1,1,25,51.5,45,6.9,5.6,67.3,0
12,13,Amon-Ra St. Brown,DET,24,WR,5,5,50,38,76.0%,455,12.0,3,23,66.0,39,9.1,7.6,91.0,1
13,14,T.J. Hockenson,MIN,26,TE,6,3,47,36,76.6%,304,8.4,2,16,48.9,24,6.5,6.0,50.7,1
14,15,Justin Jefferson,MIN,24,WR,5,5,53,36,67.9%,571,15.9,3,28,64.2,52,10.8,7.2,114.2,1
15,16,Travis Kelce,KAN,34,TE,5,5,46,36,78.3%,346,9.6,3,18,63.0,40,7.5,7.2,69.2,0
16,17,Zay Flowers,BAL,23,WR,6,6,48,35,72.9%,367,10.5,1,15,56.3,52,7.6,5.8,61.2,0
17,18,Alvin Kamara,NOR,28,RB,4,4,39,35,89.7%,177,5.1,0,10,43.6,21,4.5,8.8,44.3,0
18,19,CeeDee Lamb,DAL,24,WR,6,6,42,34,81.0%,475,14.0,1,22,69.0,49,11.3,5.7,79.2,1
19,20,Michael Thomas,NOR,30,WR,7,5,54,34,63.0%,371,10.9,1,18,55.6,26,6.9,4.9,53.0,0
20,21,D.J. Moore,CHI,26,WR,6,6,42,32,76.2%,582,18.2,5,24,59.5,58,13.9,5.3,97.0,0
21,22,Garrett Wilson,NYJ,23,WR,6,6,55,32,58.2%,369,11.5,2,16,41.8,68,6.7,5.3,61.5,0
22,23,Terry McLaurin,WAS,28,WR,6,6,42,31,73.8%,342,11.0,1,18,57.1,32,8.1,5.2,57.0,0
23,24,Tyler Boyd,CIN,29,WR,6,6,41,30,73.2%,204,6.8,1,9,48.8,14,5.0,5.0,34.0,0
24,25,Jakobi Meyers,LVR,27,WR,5,5,43,30,69.8%,335,11.2,4,18,55.8,25,7.8,6.0,67.0,0
25,26,Marquise Brown,ARI,26,WR,6,6,53,29,54.7%,334,11.5,3,21,45.3,41,6.3,4.8,55.7,0
26,27,Nico Collins,HOU,24,WR,6,3,42,29,69.0%,547,18.9,3,22,61.9,52,13.0,4.8,91.2,0
27,28,Sam LaPorta,DET,22,TE,6,5,42,29,69.0%,325,11.2,3,16,50.0,45,7.7,4.8,54.2,0
28,29,Kendrick Bourne,NWE,28,WR,6,3,44,28,63.6%,307,11.0,2,12,45.5,36,7.0,4.7,51.2,0
29,Rk,Player,Tm,Age,Pos,G,GS,Tgt,Rec,Ctch%,Yds,Y/R,TD,1D,Succ%,Lng,Y/Tgt,R/G,Y/G,Fmb
30,30,Josh Downs,IND,22,WR,6,4,41,28,68.3%,276,9.9,1,12,51.2,38,6.7,4.7,46.0,0
31,31,DeVonta Smith,PHI,25,WR,6,6,45,28,62.2%,334,11.9,2,11,40.0,63,7.4,4.7,55.7,0
32,32,Darren Waller,NYG,31,TE,6,6,41,28,68.3%,282,10.1,0,14,61.0,25,6.9,4.7,47.0,0
33,33,Chris Godwin,TAM,27,WR,5,5,37,27,73.0%,332,12.3,0,19,62.2,42,9.0,5.4,66.4,0
34,34,DeAndre Hopkins,TEN,31,WR,6,6,47,27,57.4%,376,13.9,0,20,51.1,38,8.0,4.5,62.7,0
35,35,Calvin Ridley,JAX,29,WR,7,7,48,27,56.3%,368,13.6,2,17,50.0,32,7.7,3.9,52.6,1
36,36,Curtis Samuel,WAS,27,WR,6,3,31,27,87.1%,285,10.6,2,13,61.3,37,9.2,4.5,47.5,0
37,37,Dallas Goedert,PHI,28,TE,6,6,36,26,72.2%,247,9.5,1,14,55.6,49,6.9,4.3,41.2,0
38,38,Drake London,ATL,22,WR,6,6,43,26,60.5%,329,12.7,2,18,51.2,32,7.7,4.3,54.8,0
39,39,Bijan Robinson,ATL,21,RB,6,6,32,26,81.3%,189,7.3,2,10,46.9,29,5.9,4.3,31.5,1
40,40,Brandon Aiyuk,SFO,25,WR,5,5,37,25,67.6%,454,18.2,2,22,64.9,42,12.3,5.0,90.8,0
41,41,Tutu Atwell,LAR,24,WR,6,6,41,25,61.0%,309,12.4,2,18,53.7,44,7.5,4.2,51.5,0
42,42,Josh Jacobs,LVR,25,RB,6,6,35,25,71.4%,209,8.4,0,10,57.1,21,6.0,4.2,34.8,0
43,43,Cole Kmet,CHI,24,TE,6,6,32,25,78.1%,240,9.6,3,14,65.6,23,7.5,4.2,40.0,1
44,44,Tony Pollard,DAL,26,RB,6,6,29,25,86.2%,176,7.0,0,6,44.8,60,6.1,4.2,29.3,2
45,45,Jonnu Smith,ATL,28,TE,6,1,32,25,78.1%,282,11.3,1,14,62.5,33,8.8,4.2,47.0,1
46,46,Courtland Sutton,DEN,28,WR,6,6,37,25,67.6%,275,11.0,4,13,54.1,25,7.4,4.2,45.8,2
47,47,Mark Andrews,BAL,28,TE,5,4,34,24,70.6%,294,12.3,3,15,58.8,38,8.6,4.8,58.8,0
48,48,Zach Ertz,ARI,33,TE,6,6,39,24,61.5%,168,7.0,1,7,41.0,17,4.3,4.0,28.0,0
49,49,Travis Etienne,JAX,24,RB,7,7,29,24,82.8%,196,8.2,0,9,58.6,22,6.8,3.4,28.0,0
50,50,Mike Evans,TAM,30,WR,5,5,41,24,58.5%,386,16.1,3,15,56.1,70,9.4,4.8,77.2,0
51,51,Jaylen Waddle,MIA,25,WR,5,5,35,24,68.6%,296,12.3,2,16,54.3,35,8.5,4.8,59.2,0
52,52,Tyler Lockett,SEA,31,WR,5,5,35,23,65.7%,251,10.9,2,12,60.0,36,7.2,4.6,50.2,0
53,53,Christian McCaffrey,SFO,27,RB,6,6,27,23,85.2%,177,7.7,2,13,66.7,19,6.6,3.8,29.5,2
54,54,D'Andre Swift,PHI,24,RB,6,5,27,23,85.2%,115,5.0,1,4,48.1,11,4.3,3.8,19.2,1
55,55,Jordan Addison,MIN,21,WR,6,3,34,22,64.7%,277,12.6,4,12,47.1,62,8.1,3.7,46.2,0
56,56,Amari Cooper,CLE,29,WR,5,5,39,22,56.4%,367,16.7,1,16,51.3,58,9.4,4.4,73.4,1
57,57,D.K. Metcalf,SEA,26,WR,5,5,32,22,68.8%,337,15.3,2,18,68.8,34,10.5,4.4,67.4,0
58,58,George Pickens,PIT,22,WR,5,5,40,22,55.0%,393,17.9,2,14,47.5,71,9.8,4.4,78.6,1
59,59,Kyle Pitts,ATL,23,TE,6,4,38,22,57.9%,251,11.4,1,13,50.0,34,6.6,3.7,41.8,0
60,Rk,Player,Tm,Age,Pos,G,GS,Tgt,Rec,Ctch%,Yds,Y/R,TD,1D,Succ%,Lng,Y/Tgt,R/G,Y/G,Fmb
61,60,Wan'Dale Robinson,NYG,22,WR,4,1,25,22,88.0%,141,6.4,0,10,56.0,13,5.6,5.5,35.3,0
62,61,Robert Woods,HOU,31,WR,6,6,43,22,51.2%,227,10.3,1,15,41.9,25,5.3,3.7,37.8,0
63,62,Gabriel Davis,BUF,24,WR,6,6,30,21,70.0%,341,16.2,4,16,66.7,40,11.4,3.5,56.8,1
64,63,Romeo Doubs,GNB,23,WR,5,4,37,21,56.8%,228,10.9,3,14,40.5,30,6.2,4.2,45.6,0
65,64,Jake Ferguson,DAL,24,TE,6,5,29,21,72.4%,190,9.0,1,9,55.2,21,6.6,3.5,31.7,0
66,65,Elijah Moore,CLE,23,WR,5,3,36,21,58.3%,167,8.0,0,7,38.9,33,4.6,4.2,33.4,1
67,66,Rashee Rice,KAN,23,WR,6,0,28,21,75.0%,245,11.7,2,13,60.7,28,8.8,3.5,40.8,0
68,67,Dalton Schultz,HOU,27,TE,6,1,34,21,61.8%,215,10.2,3,11,47.1,31,6.3,3.5,35.8,0
69,68,Jaylen Warren,PIT,25,RB,5,0,25,21,84.0%,166,7.9,0,7,44.0,30,6.6,4.2,33.2,1
70,69,Tyler Conklin,NYJ,28,TE,6,5,27,20,74.1%,227,11.4,0,8,44.4,37,8.4,3.3,37.8,0
71,70,Tyler Higbee,LAR,30,TE,6,6,32,20,62.5%,234,11.7,0,11,53.1,33,7.3,3.3,39.0,0
72,71,Jerry Jeudy,DEN,24,WR,5,4,29,20,69.0%,222,11.1,0,11,41.4,46,7.7,4.0,44.4,1
73,72,Deebo Samuel,SFO,27,WR,6,6,32,20,62.5%,302,15.1,1,12,53.1,42,9.4,3.3,50.3,1
74,73,Rashid Shaheed,NOR,25,WR,7,3,35,20,57.1%,326,16.3,2,13,45.7,51,9.3,2.9,46.6,1
75,74,Tank Dell,HOU,24,WR,5,3,28,19,67.9%,324,17.1,2,13,57.1,68,11.6,3.8,64.8,1
76,75,David Njoku,CLE,27,TE,5,5,22,19,86.4%,162,8.5,0,6,59.1,29,7.4,3.8,32.4,1
77,76,Josh Reynolds,DET,28,WR,6,5,27,19,70.4%,341,17.9,3,18,70.4,33,12.6,3.2,56.8,0
78,77,Logan Thomas,WAS,32,TE,5,5,26,19,73.1%,185,9.7,2,10,65.4,27,7.1,3.8,37.0,1
79,78,Mike Williams,LAC,29,WR,3,3,26,19,73.1%,249,13.1,1,9,53.8,49,9.6,6.3,83.0,0
80,79,Michael Gallup,DAL,27,WR,6,6,32,18,56.3%,204,11.3,0,8,43.8,29,6.4,3.0,34.0,0
81,80,Hunter Henry,NWE,29,TE,6,5,28,18,64.3%,183,10.2,2,11,64.3,21,6.5,3.0,30.5,0
82,81,George Kittle,SFO,30,TE,6,6,25,18,72.0%,216,12.0,3,10,52.0,38,8.6,3.0,36.0,0
83,82,Alexander Mattison,MIN,25,RB,6,6,28,18,64.3%,104,5.8,2,3,32.1,16,3.7,3.0,17.3,1
84,83,Raheem Mostert,MIA,31,RB,6,6,20,18,90.0%,145,8.1,2,5,60.0,22,7.3,3.0,24.2,3
85,84,Luke Musgrave,GNB,23,TE,5,4,23,18,78.3%,159,8.8,0,5,47.8,37,6.9,3.6,31.8,0
86,85,Michael Wilson,ARI,23,WR,6,5,22,18,81.8%,317,17.6,2,14,68.2,69,14.4,3.0,52.8,0
87,86,Braxton Berrios,MIA,28,WR,6,0,20,17,85.0%,179,10.5,1,12,60.0,22,9.0,2.8,29.8,0
88,87,Jahan Dotson,WAS,23,WR,6,6,31,17,54.8%,140,8.2,1,7,38.7,18,4.5,2.8,23.3,0
89,88,Dalton Kincaid,BUF,24,TE,5,3,19,17,89.5%,118,6.9,0,4,68.4,14,6.2,3.4,23.6,0
90,89,Chigoziem Okonkwo,TEN,24,TE,6,4,26,17,65.4%,122,7.2,0,5,38.5,20,4.7,2.8,20.3,0
91,Rk,Player,Tm,Age,Pos,G,GS,Tgt,Rec,Ctch%,Yds,Y/R,TD,1D,Succ%,Lng,Y/Tgt,R/G,Y/G,Fmb
92,90,K.J. Osborn,MIN,26,WR,6,5,31,17,54.8%,214,12.6,2,11,38.7,36,6.9,2.8,35.7,0
93,91,Isiah Pacheco,KAN,24,RB,6,5,19,17,89.5%,135,7.9,0,4,57.9,33,7.1,2.8,22.5,0
94,92,Samaje Perine,DEN,28,RB,6,1,20,17,85.0%,184,10.8,0,7,70.0,29,9.2,2.8,30.7,2
95,93,Allen Robinson,PIT,30,WR,5,5,26,17,65.4%,137,8.1,0,4,46.2,31,5.3,3.4,27.4,0
96,94,Darius Slayton,NYG,26,WR,6,4,30,17,56.7%,236,13.9,0,11,43.3,31,7.9,2.8,39.3,0
97,95,Rhamondre Stevenson,NWE,25,RB,6,6,24,17,70.8%,111,6.5,0,4,29.2,32,4.6,2.8,18.5,0
98,96,Kadarius Toney,KAN,24,WR,6,2,25,17,68.0%,92,5.4,1,8,40.0,17,3.7,2.8,15.3,1
99,97,Nelson Agholor,BAL,30,WR,6,2,20,16,80.0%,210,13.1,1,10,60.0,30,10.5,2.7,35.0,1
100,98,Parris Campbell,NYG,26,WR,6,3,23,16,69.6%,85,5.3,0,1,34.8,17,3.7,2.7,14.2,0
101,99,Gerald Everett,LAC,29,TE,5,4,19,16,84.2%,123,7.7,1,10,57.9,29,6.5,3.2,24.6,1
102,100,Kylen Granson,IND,25,TE,6,2,26,16,61.5%,170,10.6,1,11,46.2,45,6.5,2.7,28.3,0
103,101,Terrace Marshall Jr.,CAR,23,WR,5,2,27,16,59.3%,114,7.1,0,7,44.4,14,4.2,3.2,22.8,1
104,102,Joe Mixon,CIN,27,RB,6,6,21,16,76.2%,104,6.5,0,2,47.6,32,5.0,2.7,17.3,0
105,103,Jaxon Smith-Njigba,SEA,21,WR,5,0,25,16,64.0%,110,6.9,0,4,32.0,18,4.4,3.2,22.0,0
106,104,Nick Westbrook-Ikhine,TEN,26,WR,6,4,23,16,69.6%,168,10.5,2,8,60.9,24,7.3,2.7,28.0,0
107,105,Rachaad White,TAM,24,RB,5,5,17,16,94.1%,98,6.1,0,3,47.1,16,5.8,3.2,19.6,1
108,106,Mike Gesicki,NWE,28,TE,6,4,20,15,75.0%,144,9.6,0,7,60.0,18,7.2,2.5,24.0,0
109,107,Taysom Hill,NOR,33,QB,7,4,19,15,78.9%,115,7.7,0,2,52.6,19,6.1,2.1,16.4,0
110,108,Cooper Kupp,LAR,30,WR,2,2,21,15,71.4%,266,17.7,1,11,61.9,49,12.7,7.5,133.0,0
111,109,Jonathan Mingo,CAR,22,WR,5,5,29,15,51.7%,133,8.9,0,7,37.9,22,4.6,3.0,26.6,0
112,110,Rondale Moore,ARI,23,WR,6,2,24,15,62.5%,111,7.4,0,6,37.5,31,4.6,2.5,18.5,0
113,111,Josh Palmer,LAC,24,WR,5,2,28,15,53.6%,220,14.7,1,7,42.9,51,7.9,3.0,44.0,1
114,112,Miles Sanders,CAR,26,RB,5,5,24,15,62.5%,81,5.4,0,4,33.3,14,3.4,3.0,16.2,2
115,113,Tyjae Spears,TEN,22,RB,6,0,20,15,75.0%,111,7.4,0,5,30.0,48,5.6,2.5,18.5,0
116,114,James Cook,BUF,24,RB,6,5,18,14,77.8%,140,10.0,0,5,50.0,48,7.8,2.3,23.3,0
117,115,Jahmyr Gibbs,DET,21,RB,4,1,18,14,77.8%,70,5.0,0,4,50.0,10,3.9,3.5,17.5,0
118,116,Tee Higgins,CIN,24,WR,5,4,36,14,38.9%,149,10.6,2,9,36.1,20,4.1,2.8,29.8,0
119,117,Hayden Hurst,CAR,30,TE,6,5,22,14,63.6%,116,8.3,1,6,59.1,16,5.3,2.3,19.3,0
120,118,Dawson Knox,BUF,27,TE,6,6,25,14,56.0%,92,6.6,1,6,40.0,15,3.7,2.3,15.3,0
121,119,Allen Lazard,NYJ,28,WR,6,6,23,14,60.9%,210,15.0,1,12,60.9,39,9.1,2.3,35.0,0
122,Rk,Player,Tm,Age,Pos,G,GS,Tgt,Rec,Ctch%,Yds,Y/R,TD,1D,Succ%,Lng,Y/Tgt,R/G,Y/G,Fmb
123,120,Zack Moss,IND,26,RB,5,5,17,14,82.4%,110,7.9,1,5,41.2,26,6.5,2.8,22.0,0
124,121,Kalif Raymond,DET,29,WR,6,3,17,14,82.4%,187,13.4,1,8,70.6,36,11.0,2.3,31.2,0
125,122,JuJu Smith-Schuster,NWE,27,WR,5,3,25,14,56.0%,86,6.1,0,4,32.0,15,3.4,2.8,17.2,0
126,123,Saquon Barkley,NYG,26,RB,3,3,16,13,81.3%,46,3.5,1,5,43.8,10,2.9,4.3,15.3,0
127,124,DJ Chark,CAR,27,WR,5,3,27,13,48.1%,197,15.2,2,8,37.0,47,7.3,2.6,39.4,0
128,125,Brandin Cooks,DAL,30,WR,5,5,23,13,56.5%,109,8.4,1,9,47.8,17,4.7,2.6,21.8,1
129,126,Ezekiel Elliott,NWE,28,RB,6,0,16,13,81.3%,59,4.5,0,1,25.0,15,3.7,2.2,9.8,1
130,127,Antonio Gibson,WAS,25,RB,6,0,17,13,76.5%,133,10.2,1,7,47.1,41,7.8,2.2,22.2,3
131,128,Breece Hall,NYJ,22,RB,6,6,18,13,72.2%,113,8.7,0,4,44.4,25,6.3,2.2,18.8,2
132,129,Chuba Hubbard,CAR,24,RB,6,1,15,13,86.7%,59,4.5,0,3,26.7,12,3.9,2.2,9.8,0
133,130,Cade Otton,TAM,24,TE,5,5,17,13,76.5%,104,8.0,1,5,35.3,16,6.1,2.6,20.8,0
134,131,DeVante Parker,NWE,30,WR,5,5,22,13,59.1%,136,10.5,0,6,50.0,22,6.2,2.6,27.2,0
135,132,Jayden Reed,GNB,23,WR,5,4,27,13,48.1%,210,16.2,2,9,44.4,44,7.8,2.6,42.0,1
136,133,Kyren Williams,LAR,23,RB,6,5,24,13,54.2%,105,8.1,1,5,41.7,20,4.4,2.2,17.5,1
137,134,Calvin Austin,PIT,24,WR,5,1,22,12,54.5%,143,11.9,1,4,36.4,72,6.5,2.4,28.6,0
138,135,Jerome Ford,CLE,24,RB,5,2,15,12,80.0%,84,7.0,2,4,46.7,19,5.6,2.4,16.8,1
139,136,Noah Gray,KAN,24,TE,6,4,17,12,70.6%,147,12.3,1,5,52.9,34,8.6,2.0,24.5,0
140,137,Deonte Harty,BUF,26,WR,6,1,15,12,80.0%,103,8.6,1,6,53.3,43,6.9,2.0,17.2,1
141,138,Mack Hollins,ATL,30,WR,6,2,23,12,52.2%,184,15.3,0,7,43.5,45,8.0,2.0,30.7,0
142,139,Trey McBride,ARI,24,TE,6,2,15,12,80.0%,141,11.8,0,7,73.3,27,9.4,2.0,23.5,0
143,140,Jerick McKinnon,KAN,31,RB,6,0,17,12,70.6%,91,7.6,2,5,41.2,15,5.4,2.0,15.2,0
144,141,Noah Fant,SEA,26,TE,5,5,12,11,91.7%,169,15.4,0,6,83.3,51,14.1,2.2,33.8,0
145,142,Derrick Henry,TEN,29,RB,6,6,13,11,84.6%,117,10.6,0,2,53.8,46,9.0,1.8,19.5,0
146,143,Roschon Johnson,CHI,22,RB,5,0,12,11,91.7%,58,5.3,0,1,33.3,8,4.8,2.2,11.6,0
147,144,Skyy Moore,KAN,23,WR,6,5,21,11,52.4%,145,13.2,1,7,47.6,54,6.9,1.8,24.2,0
148,145,Alec Pierce,IND,23,WR,6,6,22,11,50.0%,149,13.5,0,9,50.0,38,6.8,1.8,24.8,0
149,146,Brian Robinson Jr.,WAS,24,RB,6,6,13,11,84.6%,113,10.3,2,5,53.8,24,8.7,1.8,18.8,1
150,147,Durham Smythe,MIA,28,TE,6,5,16,11,68.8%,123,11.2,0,6,62.5,22,7.7,1.8,20.5,0
151,148,Kenneth Walker III,SEA,23,RB,5,5,13,11,84.6%,100,9.1,0,5,61.5,36,7.7,2.2,20.0,0
152,149,Javonte Williams,DEN,23,RB,5,4,15,11,73.3%,51,4.6,0,1,33.3,17,3.4,2.2,10.2,0
153,Rk,Player,Tm,Age,Pos,G,GS,Tgt,Rec,Ctch%,Yds,Y/R,TD,1D,Succ%,Lng,Y/Tgt,R/G,Y/G,Fmb
154,150,Rashod Bateman,BAL,24,WR,5,3,15,10,66.7%,82,8.2,0,3,60.0,18,5.5,2.0,16.4,0
155,151,Matt Breida,NYG,28,RB,6,3,11,10,90.9%,49,4.9,0,2,27.3,22,4.5,1.7,8.2,1
156,152,Demario Douglas,NWE,23,WR,5,0,17,10,58.8%,143,14.3,0,6,47.1,42,8.4,2.0,28.6,1
157,153,Khalil Herbert,CHI,25,RB,5,5,18,10,55.6%,83,8.3,1,5,38.9,23,4.6,2.0,16.6,1
158,154,Justice Hill,BAL,26,RB,5,2,10,10,100.0%,25,2.5,0,1,40.0,10,2.5,2.0,5.0,1
159,155,Isaiah Hodgins,NYG,25,WR,6,6,14,10,71.4%,107,10.7,1,5,71.4,24,7.6,1.7,17.8,1
160,156,Marvin Mims,DEN,21,WR,6,2,12,10,83.3%,246,24.6,1,6,58.3,60,20.5,1.7,41.0,1
161,157,Darnell Mooney,CHI,26,WR,6,6,19,10,52.6%,152,15.2,1,7,42.1,39,8.0,1.7,25.3,0
162,158,Foster Moreau,NOR,26,TE,5,4,11,10,90.9%,92,9.2,1,5,72.7,18,8.4,2.0,18.4,0
163,159,Deven Thompkins,TAM,24,WR,5,1,15,10,66.7%,59,5.9,1,4,33.3,26,3.9,2.0,11.8,1
164,160,Adam Trautman,DEN,26,TE,6,4,16,10,62.5%,64,6.4,1,3,43.8,15,4.0,1.7,10.7,0
165,161,Justin Watson,KAN,27,WR,6,2,17,10,58.8%,219,21.9,0,7,58.8,37,12.9,1.7,36.5,1
166,162,De'Von Achane,MIA,22,RB,4,1,11,9,81.8%,67,7.4,2,5,63.6,17,6.1,2.3,16.8,1
167,163,Jamal Agnew,JAX,28,WR,6,1,12,9,75.0%,90,10.0,0,5,66.7,14,7.5,1.5,15.0,1
168,164,Odell Beckham Jr.,BAL,31,WR,4,2,15,9,60.0%,113,12.6,0,5,53.3,32,7.5,2.3,28.3,0
169,165,Michael Carter,NYJ,24,RB,6,0,12,9,75.0%,44,4.9,0,2,25.0,10,3.7,1.5,7.3,0
170,166,Dalvin Cook,NYJ,28,RB,6,0,9,9,100.0%,46,5.1,0,1,33.3,15,5.1,1.5,7.7,1
171,167,Kenneth Gainwell,PHI,24,RB,5,1,12,9,75.0%,43,4.8,0,2,41.7,8,3.6,1.8,8.6,1
172,168,Trenton Irwin,CIN,28,WR,5,2,11,9,81.8%,77,8.6,0,5,54.5,17,7.0,1.8,15.4,2
173,169,Jaleel McLaughlin,DEN,23,RB,6,1,10,9,90.0%,58,6.4,2,2,40.0,22,5.8,1.5,9.7,0
174,170,Colby Parkinson,SEA,24,TE,5,1,15,9,60.0%,106,11.8,0,5,53.3,21,7.1,1.8,21.2,0
175,171,Dameon Pierce,HOU,23,RB,6,6,12,9,75.0%,84,9.3,0,2,50.0,27,7.0,1.5,14.0,0
176,172,John Bates,WAS,26,TE,6,2,10,8,80.0%,83,10.4,0,2,80.0,35,8.3,1.3,13.8,0
177,173,James Conner,ARI,28,RB,5,5,10,8,80.0%,30,3.8,0,2,20.0,11,3.0,1.6,6.0,0
178,174,Austin Ekeler,LAC,28,RB,2,2,11,8,72.7%,82,10.3,0,3,36.4,35,7.5,4.0,41.0,0
179,175,Pat Freiermuth,PIT,25,TE,4,4,13,8,61.5%,53,6.6,2,4,38.5,14,4.1,2.0,13.3,0
180,176,Austin Hooper,LVR,29,TE,6,2,9,8,88.9%,81,10.1,0,3,66.7,20,9.0,1.3,13.5,0
181,177,Van Jefferson,2TM,27,,6,4,17,8,47.1%,108,13.5,0,4,29.4,46,6.4,1.3,18.0,0
182,178,Brandon Johnson,DEN,25,WR,6,2,13,8,61.5%,122,15.3,3,5,53.8,50,9.4,1.3,20.3,0
183,179,Zay Jones,JAX,28,WR,3,2,18,8,44.4%,78,9.8,2,5,44.4,18,4.3,2.7,26.0,0
184,Rk,Player,Tm,Age,Pos,G,GS,Tgt,Rec,Ctch%,Yds,Y/R,TD,1D,Succ%,Lng,Y/Tgt,R/G,Y/G,Fmb
185,180,Michael Mayer,LVR,22,TE,6,4,11,8,72.7%,116,14.5,0,6,63.6,32,10.5,1.3,19.3,0
186,181,Josh Oliver,MIN,26,TE,6,5,10,8,80.0%,64,8.0,1,4,50.0,18,6.4,1.3,10.7,1
187,182,Trey Palmer,TAM,22,WR,5,0,16,8,50.0%,89,11.1,2,6,43.8,26,5.6,1.6,17.8,0
188,183,Donald Parham,LAC,26,TE,5,4,11,8,72.7%,52,6.5,3,6,63.6,16,4.7,1.6,10.4,0
189,184,Brandon Powell,MIN,28,WR,6,0,11,8,72.7%,68,8.5,0,4,45.5,26,6.2,1.3,11.3,1
190,185,Cole Turner,WAS,23,TE,6,1,12,8,66.7%,82,10.3,0,3,58.3,21,6.8,1.3,13.7,0
191,186,Josiah Deguara,GNB,26,TE,5,3,7,7,100.0%,58,8.3,0,3,71.4,19,8.3,1.4,11.6,0
192,187,Emari Demercado,ARI,24,RB,6,0,10,7,70.0%,46,6.6,0,2,30.0,13,4.6,1.2,7.7,0
193,188,Jalin Hyatt,NYG,22,WR,6,0,9,7,77.8%,120,17.1,0,3,66.7,58,13.3,1.2,20.0,0
194,189,Jauan Jennings,SFO,26,WR,5,0,12,7,58.3%,127,18.1,0,6,50.0,31,10.6,1.4,25.4,0
195,190,Juwan Johnson,NOR,27,TE,3,3,12,7,58.3%,61,8.7,0,1,41.7,27,5.1,2.3,20.3,0
196,191,Kendre Miller,NOR,21,RB,5,0,8,7,87.5%,71,10.1,0,4,50.0,33,8.9,1.4,14.2,0
197,192,Latavius Murray,BUF,33,RB,6,1,8,7,87.5%,49,7.0,0,4,50.0,22,6.1,1.2,8.2,0
198,193,Andrew Ogletree,IND,25,TE,5,3,11,7,63.6%,95,13.6,1,6,54.5,22,8.6,1.4,19.0,0
199,194,Laviska Shenault Jr.,CAR,25,WR,6,0,7,7,100.0%,43,6.1,0,2,28.6,14,6.1,1.2,7.2,1
200,195,Jalen Tolbert,DAL,24,WR,6,2,9,7,77.8%,71,10.1,0,4,77.8,18,7.9,1.2,11.8,1
201,196,Marquez Valdes-Scantling,KAN,29,WR,6,6,12,7,58.3%,116,16.6,0,5,50.0,37,9.7,1.2,19.3,0
202,197,Dontayvion Wicks,GNB,22,WR,5,2,14,7,50.0%,95,13.6,1,5,50.0,32,6.8,1.4,19.0,0
203,198,Ameer Abdullah,LVR,30,RB,6,0,11,6,54.5%,46,7.7,0,2,27.3,13,4.2,1.0,7.7,0
204,199,Salvon Ahmed,MIA,25,RB,4,0,11,6,54.5%,39,6.5,0,2,36.4,19,3.5,1.5,9.8,0
205,200,Tyler Allgeier,ATL,23,RB,6,1,10,6,60.0%,32,5.3,0,2,20.0,16,3.2,1.0,5.3,0
206,201,Dyami Brown,WAS,24,WR,6,1,11,6,54.5%,87,14.5,0,3,54.5,35,7.9,1.0,14.5,0
207,202,Treylon Burks,TEN,23,WR,3,3,13,6,46.2%,99,16.5,0,2,38.5,70,7.6,2.0,33.0,0
208,203,Zach Charbonnet,SEA,22,RB,5,0,9,6,66.7%,36,6.0,0,1,55.6,10,4.0,1.2,7.2,0
209,204,River Cracraft,MIA,29,WR,3,1,8,6,75.0%,87,14.5,1,6,75.0,24,10.9,2.0,29.0,0
210,205,Will Dissly,SEA,27,TE,4,4,6,6,100.0%,56,9.3,0,3,83.3,16,9.3,1.5,14.0,0
211,206,Clyde Edwards-Helaire,KAN,24,RB,6,1,6,6,100.0%,36,6.0,0,2,50.0,10,6.0,1.0,6.0,0
212,207,Quentin Johnston,LAC,22,WR,5,1,13,6,46.2%,44,7.3,0,3,30.8,18,3.4,1.2,8.8,0
213,208,Kyle Juszczyk,SFO,32,FB,6,6,6,6,100.0%,39,6.5,1,3,100.0,9,6.5,1.0,6.5,0
214,209,John Metchie,HOU,23,WR,5,0,7,6,85.7%,72,12.0,0,4,71.4,22,10.3,1.2,14.4,0
215,Rk,Player,Tm,Age,Pos,G,GS,Tgt,Rec,Ctch%,Yds,Y/R,TD,1D,Succ%,Lng,Y/Tgt,R/G,Y/G,Fmb
216,210,David Montgomery,DET,26,RB,5,5,10,6,60.0%,66,11.0,0,4,60.0,19,6.6,1.2,13.2,2
217,211,Donovan Peoples-Jones,CLE,24,WR,5,4,15,6,40.0%,75,12.5,0,3,40.0,29,5.0,1.2,15.0,1
218,212,Hunter Renfrow,LVR,28,WR,6,1,9,6,66.7%,59,9.8,0,3,44.4,23,6.6,1.0,9.8,0
219,213,Irv Smith Jr.,CIN,25,TE,4,4,11,6,54.5%,32,5.3,0,1,18.2,8,2.9,1.5,8.0,0
220,214,Jonathan Taylor,IND,24,RB,2,0,7,6,85.7%,62,10.3,0,2,42.9,40,8.9,3.0,31.0,0
221,215,Brock Wright,DET,25,TE,6,2,6,6,100.0%,40,6.7,0,0,83.3,9,6.7,1.0,6.7,0
222,216,Cam Akers,2TM,24,,4,1,5,5,100.0%,21,4.2,0,0,40.0,9,4.2,1.3,5.3,0
223,217,Gary Brightwell,NYG,24,RB,6,0,7,5,71.4%,47,9.4,0,2,42.9,18,6.7,0.8,7.8,0
224,218,Noah Brown,HOU,27,WR,2,0,9,5,55.6%,57,11.4,0,1,33.3,34,6.3,2.5,28.5,0
225,219,Rico Dowdle,DAL,25,RB,6,0,6,5,83.3%,50,10.0,1,2,66.7,17,8.3,0.8,8.3,0
226,220,Najee Harris,PIT,25,RB,5,5,9,5,55.6%,37,7.4,0,1,22.2,32,4.1,1.0,7.4,0
227,221,Connor Heyward,PIT,24,TE,5,0,10,5,50.0%,42,8.4,0,2,50.0,12,4.2,1.0,8.4,0
228,222,Kareem Hunt,CLE,28,RB,3,1,6,5,83.3%,46,9.2,0,2,66.7,13,7.7,1.7,15.3,0
229,223,Deon Jackson,IND,24,RB,2,1,6,5,83.3%,14,2.8,0,0,33.3,8,2.3,2.5,7.0,2
230,224,Marvin Jones,DET,33,WR,6,4,10,5,50.0%,35,7.0,0,2,30.0,16,3.5,0.8,5.8,1
231,225,Tim Jones,JAX,25,WR,7,1,7,5,71.4%,27,5.4,0,1,28.6,13,3.9,0.7,3.9,0
232,226,Brevin Jordan,HOU,23,TE,6,0,5,5,100.0%,51,10.2,1,4,100.0,16,10.2,0.8,8.5,0
233,227,Isaiah McKenzie,IND,28,WR,6,0,7,5,71.4%,39,7.8,0,2,42.9,12,5.6,0.8,6.5,0
234,228,Chris Moore,TEN,30,WR,6,2,9,5,55.6%,140,28.0,0,4,44.4,49,15.6,0.8,23.3,1
235,229,Tyler Scott,CHI,22,WR,6,0,9,5,55.6%,32,6.4,0,2,55.6,9,3.6,0.8,5.3,0
236,230,Trent Sherfield,BUF,27,WR,6,0,7,5,71.4%,39,7.8,0,1,42.9,9,5.6,0.8,6.5,0
237,231,Devin Singletary,HOU,26,RB,6,0,7,5,71.4%,29,5.8,0,2,28.6,11,4.1,0.8,4.8,0
238,232,Patrick Taylor,GNB,25,RB,4,0,10,5,50.0%,28,5.6,0,3,30.0,12,2.8,1.3,7.0,0
239,233,Robert Tonyan,CHI,29,TE,6,2,7,5,71.4%,39,7.8,0,2,42.9,11,5.6,0.8,6.5,0
240,234,KaVontae Turpin,DAL,27,WR,6,0,6,5,83.3%,51,10.2,1,4,83.3,26,8.5,0.8,8.5,1
241,235,Deuce Vaughn,DAL,22,RB,5,0,5,5,100.0%,19,3.8,0,1,20.0,11,3.8,1.0,3.8,0
242,236,Christian Watson,GNB,24,WR,2,2,11,5,45.5%,116,23.2,1,3,45.5,77,10.5,2.5,58.0,0
243,237,Cedrick Wilson Jr.,MIA,28,WR,4,0,6,5,83.3%,68,13.6,0,3,66.7,23,11.3,1.3,17.0,0
244,238,David Bell,CLE,23,WR,5,0,7,4,57.1%,33,8.3,0,3,57.1,14,4.7,0.8,6.6,0
245,239,Daniel Bellinger,NYG,23,TE,6,4,4,4,100.0%,22,5.5,0,0,75.0,8,5.5,0.7,3.7,0
246,Rk,Player,Tm,Age,Pos,G,GS,Tgt,Rec,Ctch%,Yds,Y/R,TD,1D,Succ%,Lng,Y/Tgt,R/G,Y/G,Fmb
247,240,Jake Bobo,SEA,25,WR,5,0,6,4,66.7%,51,12.8,1,3,50.0,23,8.5,0.8,10.2,0
248,241,Ty Chandler,MIN,25,RB,6,0,5,4,80.0%,31,7.8,0,1,40.0,18,6.2,0.7,5.2,0
249,242,Nick Chubb,CLE,28,RB,2,2,4,4,100.0%,21,5.3,0,1,50.0,10,5.3,2.0,10.5,0
250,243,Chase Claypool,CHI,25,WR,3,2,14,4,28.6%,51,12.8,1,3,21.4,20,3.6,1.3,17.0,0
251,244,Derius Davis,LAC,23,WR,5,0,4,4,100.0%,24,6.0,0,0,50.0,11,6.0,0.8,4.8,1
252,245,Luke Farrell,JAX,26,TE,7,3,4,4,100.0%,30,7.5,0,2,75.0,16,7.5,0.6,4.3,0
253,246,KhaDarel Hodge,ATL,28,WR,6,1,5,4,80.0%,45,11.3,0,4,80.0,15,9.0,0.7,7.5,1
254,247,Tanner Hudson,CIN,29,TE,2,0,6,4,66.7%,48,12.0,0,2,66.7,26,8.0,2.0,24.0,0
255,248,Lil'Jordan Humphrey,DEN,25,WR,6,4,5,4,80.0%,26,6.5,1,2,80.0,11,5.2,0.7,4.3,0
256,249,Tony Jones,NOR,26,RB,4,1,6,4,66.7%,21,5.3,0,1,33.3,10,3.5,1.0,5.3,0
257,250,Ray-Ray McCloud,SFO,27,WR,6,1,5,4,80.0%,27,6.8,0,2,60.0,14,5.4,0.7,4.5,0
258,251,Ty Montgomery,NWE,30,WR,6,0,9,4,44.4%,23,5.8,0,2,33.3,11,2.6,0.7,3.8,0
259,252,Zach Pascal,ARI,29,WR,6,0,8,4,50.0%,19,4.8,0,1,37.5,9,2.4,0.7,3.2,0
260,253,Ronnie Rivers,LAR,24,RB,6,0,4,4,100.0%,18,4.5,0,0,25.0,10,4.5,0.7,3.0,0
261,254,Jeremy Ruckert,NYJ,23,TE,6,1,4,4,100.0%,36,9.0,0,2,50.0,23,9.0,0.7,6.0,0
262,255,Khalil Shakir,BUF,23,WR,6,2,5,4,80.0%,40,10.0,1,3,80.0,13,8.0,0.7,6.7,0
263,256,Brenton Strange,JAX,23,TE,7,1,6,4,66.7%,34,8.5,1,2,33.3,17,5.7,0.6,4.9,0
264,257,Samori Toure,GNB,25,WR,5,0,9,4,44.4%,59,14.8,0,3,33.3,35,6.6,0.8,11.8,0
265,258,Tommy Tremble,CAR,23,TE,6,1,4,4,100.0%,41,10.3,1,2,100.0,21,10.3,0.7,6.8,0
266,259,C.J. Uzomah,NYJ,30,TE,6,4,5,4,80.0%,22,5.5,1,3,80.0,9,4.4,0.7,3.7,0
267,260,Quez Watkins,PHI,25,WR,3,2,5,4,80.0%,21,5.3,0,1,60.0,9,4.2,1.3,7.0,0
268,261,Josh Whyle,TEN,24,TE,6,1,4,4,100.0%,44,11.0,1,4,100.0,24,11.0,0.7,7.3,0
269,262,Jameson Williams,DET,22,WR,2,0,6,4,66.7%,55,13.8,1,1,33.3,45,9.2,2.0,27.5,0
270,263,Trayveon Williams,CIN,26,RB,6,0,6,4,66.7%,7,1.8,0,0,16.7,5,1.2,0.7,1.2,0
271,264,Olamide Zaccheaus,PHI,26,WR,6,0,7,4,57.1%,74,18.5,1,3,57.1,34,10.6,0.7,12.3,0
272,265,Nate Adkins,DEN,24,TE,4,0,4,3,75.0%,19,6.3,0,1,25.0,11,4.8,0.8,4.8,0
273,266,Jordan Akins,CLE,31,TE,5,1,6,3,50.0%,20,6.7,0,1,33.3,12,3.3,0.6,4.0,0
274,267,Mo Alie-Cox,IND,30,TE,6,3,5,3,60.0%,67,22.3,1,3,60.0,35,13.4,0.5,11.2,0
275,268,Ronnie Bell,SFO,23,WR,6,0,4,3,75.0%,31,10.3,1,2,75.0,15,7.8,0.5,5.2,0
276,269,Mike Boone,HOU,28,RB,5,0,4,3,75.0%,18,6.0,0,1,50.0,12,4.5,0.6,3.6,1
277,Rk,Player,Tm,Age,Pos,G,GS,Tgt,Rec,Ctch%,Yds,Y/R,TD,1D,Succ%,Lng,Y/Tgt,R/G,Y/G,Fmb
278,270,Chase Brown,CIN,23,RB,5,0,3,3,100.0%,7,2.3,0,0,33.3,8,2.3,0.6,1.4,0
279,271,Pharaoh Brown,NWE,29,TE,6,3,3,3,100.0%,86,28.7,1,3,100.0,58,28.7,0.5,14.3,0
280,272,Harrison Bryant,CLE,25,TE,5,2,6,3,50.0%,7,2.3,1,1,16.7,3,1.2,0.6,1.4,0
281,273,Randall Cobb,NYJ,33,WR,6,1,12,3,25.0%,20,6.7,0,2,16.7,12,1.7,0.5,3.3,0
282,274,DeeJay Dallas,SEA,25,RB,5,0,4,3,75.0%,11,3.7,0,1,25.0,14,2.8,0.6,2.2,0
283,275,AJ Dillon,GNB,25,RB,5,3,6,3,50.0%,25,8.3,0,1,50.0,12,4.2,0.6,5.0,0
284,276,Greg Dulcich,DEN,23,TE,2,1,4,3,75.0%,25,8.3,0,2,50.0,13,6.3,1.5,12.5,0
285,277,Gus Edwards,BAL,28,RB,6,3,4,3,75.0%,13,4.3,0,1,50.0,12,3.3,0.5,2.2,0
286,278,D'Onta Foreman,CHI,27,RB,2,1,4,3,75.0%,10,3.3,0,1,25.0,5,2.5,1.5,5.0,1
287,279,Melvin Gordon,BAL,30,RB,2,0,3,3,100.0%,46,15.3,0,3,100.0,23,15.3,1.5,23.0,0
288,280,C.J. Ham,MIN,30,FB,6,3,4,3,75.0%,14,4.7,0,1,50.0,7,3.5,0.5,2.3,0
289,281,Alec Ingold,MIA,27,FB,6,6,3,3,100.0%,57,19.0,0,3,100.0,23,19.0,0.5,9.5,0
290,282,Keaontay Ingram,ARI,24,RB,4,1,3,3,100.0%,19,6.3,0,1,33.3,9,6.3,0.8,4.8,0
291,283,D'Ernest Johnson,JAX,27,RB,7,0,3,3,100.0%,15,5.0,0,2,66.7,9,5.0,0.4,2.1,0
292,284,Diontae Johnson,PIT,27,WR,2,1,6,3,50.0%,48,16.0,0,2,50.0,26,8.0,1.5,24.0,0
293,285,Aaron Jones,GNB,29,RB,2,2,6,3,50.0%,82,27.3,1,2,33.3,51,13.7,1.5,41.0,0
294,286,Isaiah Likely,BAL,23,TE,6,3,4,3,75.0%,32,10.7,0,1,75.0,20,8.0,0.5,5.3,0
295,287,Scott Miller,ATL,26,WR,6,0,4,3,75.0%,14,4.7,0,0,25.0,7,3.5,0.5,2.3,0
296,288,Elijah Mitchell,SFO,25,RB,3,0,4,3,75.0%,2,0.7,0,0,25.0,9,0.5,1.0,0.7,0
297,289,Byron Pringle,WAS,30,WR,6,0,5,3,60.0%,29,9.7,0,1,40.0,15,5.8,0.5,4.8,0
298,290,MyCole Pruitt,ATL,31,TE,6,5,5,3,60.0%,41,13.7,0,2,60.0,22,8.2,0.5,6.8,0
299,291,Craig Reynolds,DET,27,RB,6,0,3,3,100.0%,26,8.7,0,1,33.3,28,8.7,0.5,4.3,0
300,292,Justyn Ross,KAN,24,WR,6,0,6,3,50.0%,34,11.3,0,1,50.0,20,5.7,0.5,5.7,0
301,293,Drew Sample,CIN,27,TE,6,2,3,3,100.0%,10,3.3,0,0,0.0,7,3.3,0.5,1.7,0
302,294,Sterling Shepard,NYG,30,WR,6,0,5,3,60.0%,23,7.7,0,2,40.0,13,4.6,0.5,3.8,0
303,295,Zamir White,LVR,24,RB,6,0,3,3,100.0%,12,4.0,0,0,33.3,5,4.0,0.5,2.0,1
304,296,Mitchell Wilcox,CIN,27,TE,6,0,4,3,75.0%,17,5.7,0,0,50.0,7,4.3,0.5,2.8,0
305,297,Blake Bell,KAN,32,TE,6,0,3,2,66.7%,12,6.0,1,1,66.7,8,4.0,0.3,2.0,0
306,298,Lawrence Cager,NYG,26,TE,5,0,2,2,100.0%,17,8.5,0,1,100.0,9,8.5,0.4,3.4,0
307,299,DeAndre Carter,LVR,30,WR,6,1,5,2,40.0%,21,10.5,0,0,20.0,16,4.2,0.3,3.5,1
308,Rk,Player,Tm,Age,Pos,G,GS,Tgt,Rec,Ctch%,Yds,Y/R,TD,1D,Succ%,Lng,Y/Tgt,R/G,Y/G,Fmb
309,300,Jamison Crowder,WAS,30,WR,6,0,2,2,100.0%,21,10.5,0,2,100.0,11,10.5,0.3,3.5,0
310,301,J.K. Dobbins,BAL,25,RB,1,1,3,2,66.7%,15,7.5,0,0,66.7,10,5.0,2.0,15.0,0
311,302,Elijah Dotson,LAC,24,RB,4,0,2,2,100.0%,13,6.5,0,0,100.0,7,6.5,0.5,3.3,0
312,303,Kenyan Drake,BAL,29,RB,2,0,3,2,66.7%,31,15.5,0,0,66.7,24,10.3,1.0,15.5,1
313,304,Devin Duvernay,BAL,26,WR,6,1,7,2,28.6%,8,4.0,0,0,0.0,10,1.1,0.3,1.3,0
314,305,Marquise Goodwin,CLE,33,WR,5,0,7,2,28.6%,4,2.0,0,0,0.0,4,0.6,0.4,0.8,0
315,306,Damien Harris,BUF,26,RB,6,0,2,2,100.0%,16,8.0,0,0,0.0,13,8.0,0.3,2.7,0
316,307,Brycen Hopkins,LAR,26,TE,6,0,3,2,66.7%,26,13.0,0,1,66.7,21,8.7,0.3,4.3,0
317,308,Andrei Iosivas,CIN,24,WR,6,0,3,2,66.7%,12,6.0,1,1,66.7,9,4.0,0.3,2.0,0
318,309,Rakim Jarrett,TAM,22,WR,5,0,2,2,100.0%,10,5.0,0,0,50.0,7,5.0,0.4,2.0,0
319,310,Joshua Kelley,LAC,26,RB,5,3,5,2,40.0%,7,3.5,0,0,20.0,5,1.4,0.4,1.4,0
320,311,Tucker Kraft,GNB,23,TE,5,0,2,2,100.0%,5,2.5,0,0,50.0,6,2.5,0.4,1.0,0
321,312,Will Mallory,IND,24,TE,2,0,3,2,66.7%,49,24.5,0,2,66.7,43,16.3,1.0,24.5,0
322,313,Anthony McFarland Jr.,PIT,24,RB,2,0,2,2,100.0%,11,5.5,0,1,100.0,6,5.5,1.0,5.5,0
323,314,Cordarrelle Patterson,ATL,32,RB,3,0,2,2,100.0%,13,6.5,0,1,100.0,7,6.5,0.7,4.3,0
324,315,Teagan Quitoriano,HOU,23,TE,6,5,3,2,66.7%,33,16.5,0,2,66.7,22,11.0,0.3,5.5,0
325,316,Patrick Ricard,BAL,29,FB,6,3,2,2,100.0%,17,8.5,0,1,50.0,14,8.5,0.3,2.8,0
326,317,Boston Scott,PHI,28,RB,5,0,2,2,100.0%,21,10.5,0,1,50.0,14,10.5,0.4,4.2,0
327,318,Ben Skowronek,LAR,26,WR,6,0,5,2,40.0%,13,6.5,0,1,20.0,10,2.6,0.3,2.2,0
328,319,Isaiah Spiller,LAC,22,RB,4,0,2,2,100.0%,15,7.5,0,1,100.0,10,7.5,0.5,3.8,0
329,320,Jack Stoll,PHI,25,TE,6,4,3,2,66.7%,10,5.0,0,0,66.7,6,3.3,0.3,1.7,0
330,321,Geoff Swaim,ARI,30,TE,6,2,3,2,66.7%,22,11.0,0,2,66.7,11,7.3,0.3,3.7,0
331,322,Ian Thomas,CAR,27,TE,5,2,4,2,50.0%,36,18.0,0,1,25.0,28,9.0,0.4,7.2,0
332,323,Sean Tucker,TAM,22,RB,5,0,2,2,100.0%,9,4.5,0,0,50.0,6,4.5,0.4,1.8,0
333,324,Tre Tucker,LVR,22,WR,5,0,4,2,50.0%,57,28.5,0,1,25.0,48,14.3,0.4,11.4,0
334,325,David Wells,TAM,28,TE,4,0,2,2,100.0%,-10,-5.0,0,1,50.0,1,-5.0,0.5,-2.5,1
335,326,Jamaal Williams,NOR,28,RB,3,2,2,2,100.0%,7,3.5,0,0,50.0,5,3.5,0.7,2.3,1
336,327,Tank Bigsby,JAX,22,RB,7,0,3,1,33.3%,6,6.0,0,0,33.3,6,2.0,0.1,0.9,1
337,328,Raheem Blackshear,CAR,24,RB,2,0,1,1,100.0%,4,4.0,0,0,100.0,4,4.0,0.5,2.0,0
338,329,Khari Blasingame,CHI,27,FB,6,1,2,1,50.0%,1,1.0,0,0,0.0,1,0.5,0.2,0.2,0
339,Rk,Player,Tm,Age,Pos,G,GS,Tgt,Rec,Ctch%,Yds,Y/R,TD,1D,Succ%,Lng,Y/Tgt,R/G,Y/G,Fmb
340,330,Miles Boykin,PIT,27,WR,5,0,2,1,50.0%,5,5.0,0,0,0.0,5,2.5,0.2,1.0,0
341,331,Ben Bredeson,NYG,25,G,5,5,1,1,100.0%,0,0.0,0,0,0.0,0,0.0,0.2,0.0,0
342,332,Michael Burton,DEN,31,FB,6,0,1,1,100.0%,3,3.0,0,1,100.0,3,3.0,0.2,0.5,0
343,333,Robbie Chosen,MIA,30,WR,4,0,2,1,50.0%,68,68.0,1,1,50.0,68,34.0,0.3,17.0,0
344,334,Payne Durham,TAM,23,TE,1,0,1,1,100.0%,8,8.0,0,1,100.0,8,8.0,1.0,8.0,0
345,335,Chris Evans,CIN,26,RB,4,0,1,1,100.0%,-1,-1.0,0,0,0.0,-1,-1.0,0.3,-0.3,0
346,336,Darrynton Evans,CHI,25,RB,1,0,1,1,100.0%,2,2.0,0,0,0.0,2,2.0,1.0,2.0,0
347,337,Jake Funk,IND,25,RB,4,0,1,1,100.0%,12,12.0,0,1,100.0,12,12.0,0.3,3.0,0
348,338,Reggie Gilliam,BUF,26,FB,6,0,1,1,100.0%,3,3.0,0,0,0.0,3,3.0,0.2,0.5,0
349,339,Xavier Gipson,NYJ,22,WR,6,0,1,1,100.0%,4,4.0,0,0,0.0,4,4.0,0.2,0.7,3
350,340,Jimmy Graham,NOR,37,TE,7,1,2,1,50.0%,8,8.0,1,1,50.0,8,4.0,0.1,1.1,0
351,341,Eric Gray,NYG,24,RB,6,0,1,1,100.0%,1,1.0,0,0,0.0,1,1.0,0.2,0.2,2
352,342,Antoine Green,DET,24,WR,5,0,1,1,100.0%,2,2.0,0,0,0.0,2,2.0,0.2,0.4,0
353,343,Mecole Hardman,NYJ,25,WR,5,0,3,1,33.3%,6,6.0,0,0,33.3,6,2.0,0.2,1.2,0
354,344,Peyton Hendershot,DAL,24,TE,3,0,2,1,50.0%,3,3.0,0,0,0.0,3,1.5,0.3,1.0,0
355,345,Justin Herbert,LAC,25,QB,5,5,1,1,100.0%,10,10.0,0,1,100.0,10,10.0,0.2,2.0,1
356,346,Evan Hull,IND,23,RB,1,0,1,1,100.0%,6,6.0,0,0,100.0,6,6.0,1.0,6.0,0
357,347,Xavier Hutchinson,HOU,23,WR,6,0,2,1,50.0%,9,9.0,0,1,50.0,9,4.5,0.2,1.5,0
358,348,Richie James,KAN,28,WR,2,0,3,1,33.3%,6,6.0,0,0,33.3,6,2.0,0.5,3.0,1
359,349,Jakob Johnson,LVR,29,FB,6,3,2,1,50.0%,12,12.0,0,0,50.0,12,6.0,0.2,2.0,0
360,350,Charlie Jones,CIN,25,WR,3,0,2,1,50.0%,6,6.0,0,1,50.0,6,3.0,0.3,2.0,0
361,351,Velus Jones Jr.,CHI,26,WR,5,0,1,1,100.0%,5,5.0,0,0,100.0,5,5.0,0.2,1.0,0
362,352,Keith Kirkwood,NOR,29,WR,7,2,4,1,25.0%,1,1.0,0,0,0.0,1,0.3,0.1,0.1,0
363,353,Zonovan Knight,DET,22,RB,2,0,1,1,100.0%,8,8.0,0,0,100.0,8,8.0,0.5,4.0,0
364,354,Kwamie Lassiter II,CIN,25,WR,1,0,1,1,100.0%,2,2.0,0,0,0.0,2,2.0,1.0,2.0,0
365,355,Marcedes Lewis,CHI,39,TE,6,1,1,1,100.0%,8,8.0,0,0,100.0,8,8.0,0.2,1.3,0
366,356,Hunter Luepke,DAL,23,RB,6,0,1,1,100.0%,12,12.0,0,1,100.0,12,12.0,0.2,2.0,0
367,357,Chris Manhertz,DEN,31,TE,6,1,3,1,33.3%,10,10.0,0,1,33.3,10,3.3,0.2,1.7,0
368,358,Jordan Mason,SFO,24,RB,6,0,2,1,50.0%,13,13.0,0,1,50.0,13,6.5,0.2,2.2,0
369,359,Quintin Morris,BUF,24,TE,6,0,1,1,100.0%,15,15.0,1,1,100.0,15,15.0,0.2,2.5,0
370,Rk,Player,Tm,Age,Pos,G,GS,Tgt,Rec,Ctch%,Yds,Y/R,TD,1D,Succ%,Lng,Y/Tgt,R/G,Y/G,Fmb
371,360,Johnny Mundt,MIN,29,TE,6,0,1,1,100.0%,11,11.0,0,1,100.0,11,11.0,0.2,1.8,0
372,361,Gunner Olszewski,PIT,27,WR,2,0,1,1,100.0%,0,0.0,0,0,0.0,0,0.0,0.5,0.0,2
373,362,Devine Ozigbo,DET,27,RB,1,0,1,1,100.0%,8,8.0,0,0,100.0,8,8.0,1.0,8.0,0
374,363,Rashaad Penny,PHI,27,RB,1,0,1,1,100.0%,5,5.0,0,0,100.0,5,5.0,1.0,5.0,0
375,364,Kyle Philips,TEN,24,WR,2,0,3,1,33.3%,6,6.0,0,0,33.3,6,2.0,0.5,3.0,1
376,365,Adam Prentice,NOR,26,FB,5,1,2,1,50.0%,5,5.0,0,0,50.0,5,2.5,0.2,1.0,1
377,366,Giovanni Ricci,CAR,27,TE,5,0,1,1,100.0%,2,2.0,0,0,0.0,2,2.0,0.2,0.4,0
378,367,Desmond Ridder,ATL,24,QB,6,6,1,1,100.0%,-6,-6.0,0,0,0.0,-6,-6.0,0.2,-1.0,3
379,368,Luke Schoonmaker,DAL,25,TE,6,0,6,1,16.7%,1,1.0,1,1,16.7,1,0.2,0.2,0.2,0
380,369,Trey Sermon,IND,24,RB,4,0,3,1,33.3%,4,4.0,0,0,0.0,4,1.3,0.3,1.0,0
381,370,Ben Sims,GNB,23,TE,5,0,1,1,100.0%,12,12.0,0,1,100.0,12,12.0,0.2,2.4,0
382,371,Stone Smartt,LAC,25,TE,5,1,2,1,50.0%,24,24.0,0,1,50.0,24,12.0,0.2,4.8,0
383,372,Donovan Smith,KAN,30,T,6,6,1,1,100.0%,0,0.0,0,0,0.0,0,0.0,0.2,0.0,0
384,373,Geno Smith,SEA,33,QB,5,5,1,1,100.0%,-2,-2.0,0,0,0.0,-2,-2.0,0.2,-0.4,0
385,374,Keith Smith,ATL,31,FB,6,3,1,1,100.0%,28,28.0,0,1,100.0,28,28.0,0.2,4.7,0
386,375,Willie Snead,SFO,31,WR,1,0,1,1,100.0%,9,9.0,0,0,100.0,9,9.0,1.0,9.0,0
387,376,Equanimeous St. Brown,CHI,27,WR,2,0,2,1,50.0%,21,21.0,0,1,50.0,21,10.5,0.5,10.5,0
388,377,C.J. Stroud,HOU,22,QB,6,6,1,1,100.0%,0,0.0,0,0,0.0,0,0.0,0.2,0.0,3
389,378,Cody Thompson,SEA,27,WR,5,0,1,1,100.0%,10,10.0,0,0,0.0,10,10.0,0.2,2.0,0
390,379,Tyquan Thornton,NWE,23,WR,1,1,2,1,50.0%,6,6.0,0,0,0.0,6,3.0,1.0,6.0,0
391,380,Cedric Tillman,CLE,23,WR,4,0,3,1,33.3%,5,5.0,0,1,33.3,5,1.7,0.3,1.3,0
392,381,Ke'Shawn Vaughn,TAM,26,RB,3,0,3,1,33.3%,3,3.0,0,0,0.0,3,1.0,0.3,1.0,0
393,382,Darnell Washington,PIT,22,TE,5,4,3,1,33.3%,10,10.0,0,1,33.3,10,3.3,0.2,2.0,0
394,383,Trevon Wesco,TEN,28,TE,6,4,2,1,50.0%,21,21.0,0,1,50.0,21,10.5,0.2,3.5,0
395,384,Damien Williams,ARI,31,RB,1,0,1,1,100.0%,8,8.0,0,0,100.0,8,8.0,1.0,8.0,0
396,385,Emanuel Wilson,GNB,24,RB,3,0,1,1,100.0%,6,6.0,0,0,100.0,6,6.0,0.3,2.0,1
397,386,Andrew Beck,HOU,27,FB,6,6,1,0,0.0%,0,,0,0,0.0,0,0.0,0.0,0.0,0
398,387,Kayshon Boutte,NWE,21,WR,1,0,4,0,0.0%,0,,0,0,0.0,0,0.0,0.0,0.0,0
399,388,Lynn Bowden Jr.,NOR,26,WR,5,0,1,0,0.0%,0,,0,0,0.0,0,0.0,0.0,0.0,0
400,389,Phillip Dorsett,DEN,30,WR,1,0,1,0,0.0%,0,,0,0,0.0,0,0.0,0.0,0.0,0
401,Rk,Player,Tm,Age,Pos,G,GS,Tgt,Rec,Ctch%,Yds,Y/R,TD,1D,Succ%,Lng,Y/Tgt,R/G,Y/G,Fmb
402,390,Greg Dortch,ARI,25,WR,6,0,1,0,0.0%,0,,0,0,0.0,0,0.0,0.0,0.0,0
403,391,Colton Dowell,TEN,24,WR,3,0,1,0,0.0%,0,,0,0,0.0,0,0.0,0.0,0.0,0
404,392,Ross Dwelley,SFO,28,TE,6,0,1,0,0.0%,0,,0,0,0.0,0,0.0,0.0,0.0,0
405,393,Erik Ezukanma,MIA,23,WR,2,0,1,0,0.0%,0,,0,0,0.0,0,0.0,0.0,0.0,0
406,394,Jamycal Hasty,JAX,27,RB,2,0,2,0,0.0%,0,,0,0,0.0,0,0.0,0.0,0.0,0
407,395,Malik Heath,GNB,23,WR,3,1,4,0,0.0%,0,,0,0,0.0,0,0.0,0.0,0.0,0
408,396,Julian Hill,MIA,23,TE,4,0,1,0,0.0%,0,,0,0,0.0,0,0.0,0.0,0.0,0
409,397,Ko Kieft,TAM,25,TE,5,4,3,0,0.0%,0,,0,0,0.0,0,0.0,0.0,0.0,0
410,398,Charlie Kolar,BAL,24,TE,4,0,1,0,0.0%,0,,0,0,0.0,0,0.0,0.0,0.0,0
411,399,Sean McKeon,DAL,26,TE,3,0,1,0,0.0%,0,,0,0,0.0,0,0.0,0.0,0.0,0
412,400,Amari Rodgers,IND,24,WR,3,0,2,0,0.0%,0,,0,0,0.0,0,0.0,0.0,0.0,0
413,401,Pierre Strong,CLE,25,RB,5,0,1,0,0.0%,0,,0,0,0.0,0,0.0,0.0,0.0,0
414,402,Trent Taylor,CHI,29,WR,6,0,1,0,0.0%,0,,0,0,0.0,0,0.0,0.0,0.0,0
